xs,ys
5.545177444479562,1.3862943611198906
4.852030263919617,2.70805020110221
4.1588830833596715,3.4965075614664802
3.4657359027997265,4.454347296253507
2.772588722239781,4.90527477843843
2.0794415416798357,5.730099782973574
1.3862943611198906,6.598509028614515
