xs,ys
5.545177444479562,1.3862943611198906
4.852030263919617,2.302585092994046
4.1588830833596715,3.1354942159291497
3.4657359027997265,4.07753744390572
2.772588722239781,4.90527477843843
2.0794415416798357,5.730099782973574
1.3862943611198906,6.598509028614515
0.6931471805599453,7.318539548567902
1.0986122886681098,6.954638864880987
1.6094379124341003,6.331501849893691
