xs,ys
7.6246189861593985,0.0
6.931471805599453,1.3862943611198906
6.238324625039508,2.772588722239781
5.545177444479562,3.6888794541139363
4.852030263919617,4.5217885770490405
4.1588830833596715,5.375278407684165
3.4657359027997265,6.230481447578482
2.772588722239781,7.05617528410041
2.0794415416798357,7.756195343948118
1.3862943611198906,8.36730010184162
