xs,ys
7.6246189861593985,1.3862943611198906
6.931471805599453,2.3978952727983707
6.238324625039508,3.258096538021482
5.545177444479562,4.143134726391533
4.852030263919617,5.0689042022202315
4.1588830833596715,5.910796644040527
3.4657359027997265,6.759255270663693
2.772588722239781,7.600902459542082
2.0794415416798357,8.449342524508063
1.3862943611198906,9.271905727634337
