xs,ys
6.238324625039508,1.6094379124341003
5.545177444479562,2.6390573296152584
4.852030263919617,3.7612001156935624
4.1588830833596715,4.787491742782046
3.4657359027997265,5.908082938168931
2.772588722239781,6.928537818164665
2.0794415416798357,8.010359588919783
1.3862943611198906,9.01322999770879
