xs,ys
5.545177444479562,1.791759469228055
4.852030263919617,2.70805020110221
4.1588830833596715,3.6888794541139363
3.4657359027997265,4.852030263919617
2.772588722239781,5.877735781779639
2.0794415416798357,6.932447891572509
1.3862943611198906,7.931644021454311
